USE Business_1;

INSERT INTO `Capability` (`id`, `name`) VALUES ('0', 'Add Employees');
INSERT INTO `Capability` (`id`, `name`) VALUES ('2', 'Edit Employees');
INSERT INTO `Capability` (`id`, `name`) VALUES ('4', 'Delete Employees');
INSERT INTO `Capability` (`id`, `name`) VALUES ('10', 'Add Roles');
INSERT INTO `Capability` (`id`, `name`) VALUES ('12', 'Edit Roles');
INSERT INTO `Capability` (`id`, `name`) VALUES ('14', 'Delete Roles');
INSERT INTO `Capability` (`id`, `name`) VALUES ('20', 'Add Child Groups');
INSERT INTO `Capability` (`id`, `name`) VALUES ('22', 'Edit Child Groups');
INSERT INTO `Capability` (`id`, `name`) VALUES ('24', 'Delete Child Groups');
INSERT INTO `Capability` (`id`, `name`) VALUES ('26', 'Manage Child Groups');
INSERT INTO `Capability` (`id`, `name`) VALUES ('999', 'Master Wizard');

INSERT INTO `Group` (`id`, `name`) VALUES ('1', 'Path E-Tech Computers');
INSERT INTO `Group` (`id`, `parentID`, `name`) VALUES ('2', '1', 'Sales');
INSERT INTO `Group` (`id`, `parentID`, `name`) VALUES ('3', '1', 'IT Services');
INSERT INTO `Group` (`id`, `parentID`, `name`) VALUES ('4', '3', 'Interns');

INSERT INTO `Employee` (`id`, `defaultGrpID`, `fName`, `lName`) VALUES ('1',  '1', 'Fisher', 'Evans');
INSERT INTO `Employee` (`id`, `defaultGrpID`, `fName`, `lName`) VALUES ('2',  '3', 'Charlie', 'Babcock');
INSERT INTO `Employee` (`id`, `defaultGrpID`, `fName`, `lName`) VALUES ('3',  '3', 'Drew', 'Fead');
INSERT INTO `Employee` (`id`, `defaultGrpID`, `fName`, `lName`) VALUES ('4',  '1', 'Pointy H.', 'Boss');
INSERT INTO `Employee` (`id`, `defaultGrpID`, `fName`, `lName`) VALUES ('5',  '3', 'Wally', 'Smith');
INSERT INTO `Employee` (`id`, `defaultGrpID`, `fName`, `lName`) VALUES ('6',  '2', 'Alice', 'Snape');
INSERT INTO `Employee` (`id`, `defaultGrpID`, `fName`, `lName`) VALUES ('7',  '1', 'Dogbert', 'Hound');
INSERT INTO `Employee` (`id`, `defaultGrpID`, `fName`, `lName`) VALUES ('8',  '4', 'Asok', 'Sharma');
INSERT INTO `Employee` (`id`, `defaultGrpID`, `fName`, `lName`) VALUES ('9',  '4', 'Ted', 'Shaw');
INSERT INTO `Employee` (`id`, `defaultGrpID`, `fName`, `lName`) VALUES ('10', '2', 'Loud', 'Howard');
INSERT INTO `Employee` (`id`, `defaultGrpID`, `fName`, `lName`) VALUES ('11', '1', 'Carol', 'Hire');
INSERT INTO `Employee` (`id`, `defaultGrpID`, `fName`, `lName`) VALUES ('12', '3', 'Bob', 'Dinosaur');
INSERT INTO `Employee` (`id`, `defaultGrpID`, `fName`, `lName`) VALUES ('13', '3', 'Mordac', 'Malice');
INSERT INTO `Employee` (`id`, `defaultGrpID`, `fName`, `lName`) VALUES ('14', '3', 'Topper', 'McGee');
INSERT INTO `Employee` (`id`, `defaultGrpID`, `fName`, `lName`) VALUES ('15', '1', 'The', 'C.E.O.');
INSERT INTO `Employee` (`id`, `defaultGrpID`, `fName`, `lName`) VALUES ('16', '1', 'Company', 'Robot');
INSERT INTO `Employee` (`id`, `defaultGrpID`, `fName`, `lName`) VALUES ('17', '3', 'Bearded S.', 'Guy');
INSERT INTO `Employee` (`id`, `defaultGrpID`, `fName`, `lName`) VALUES ('18', '2', 'Scott', 'Adams');
INSERT INTO `Employee` (`id`, `defaultGrpID`, `fName`, `lName`) VALUES ('19', '3', 'Dilbert', 'NPE');

INSERT INTO `Role` (`id`, `name`) VALUES ('1',  'Management');
INSERT INTO `Role` (`id`, `name`) VALUES ('2',  'HR');
INSERT INTO `Role` (`id`, `name`) VALUES ('3',  'International');
INSERT INTO `Role` (`id`, `name`) VALUES ('4',  'National');
INSERT INTO `Role` (`id`, `name`) VALUES ('5',  'On-Site Reps');
INSERT INTO `Role` (`id`, `name`) VALUES ('6',  'Senior Techs');
INSERT INTO `Role` (`id`, `name`) VALUES ('7',  'Junior Techs');
INSERT INTO `Role` (`id`, `name`) VALUES ('8',  'On-Call');
INSERT INTO `Role` (`id`, `name`) VALUES ('9',  'Promising');
INSERT INTO `Role` (`id`, `name`) VALUES ('10', 'Hopeless');

INSERT INTO `GroupRole` (`id`, `grpID`, `roleID`) VALUES ('1', '1', '1');
INSERT INTO `GroupRole` (`id`, `grpID`, `roleID`) VALUES ('2', '1', '2');
INSERT INTO `GroupRole` (`id`, `grpID`, `roleID`) VALUES ('3', '2', '3');
INSERT INTO `GroupRole` (`id`, `grpID`, `roleID`) VALUES ('4', '2', '4');
INSERT INTO `GroupRole` (`id`, `grpID`, `roleID`) VALUES ('5', '2', '5');
INSERT INTO `GroupRole` (`id`, `grpID`, `roleID`) VALUES ('6', '3', '6');
INSERT INTO `GroupRole` (`id`, `grpID`, `roleID`) VALUES ('7', '3', '7');
INSERT INTO `GroupRole` (`id`, `grpID`, `roleID`) VALUES ('8', '3', '8');
INSERT INTO `GroupRole` (`id`, `grpID`, `roleID`) VALUES ('9', '4', '9');
INSERT INTO `GroupRole` (`id`, `grpID`, `roleID`) VALUES ('10', '4', '10');

INSERT INTO `GroupRoleCapability` (`grpRoleID`, `capID`) VALUES ('1', '999');

INSERT INTO `GroupEmployee` (`grpID`, `empID`) VALUES ('1', '1');
INSERT INTO `GroupEmployee` (`grpID`, `empID`) VALUES ('3', '1');
INSERT INTO `GroupEmployee` (`grpID`, `empID`) VALUES ('3', '2');
INSERT INTO `GroupEmployee` (`grpID`, `empID`) VALUES ('3', '3');
INSERT INTO `GroupEmployee` (`grpID`, `empID`) VALUES ('2', '3');
INSERT INTO `GroupEmployee` (`grpID`, `empID`) VALUES ('1', '4');
INSERT INTO `GroupEmployee` (`grpID`, `empID`) VALUES ('2', '4');
INSERT INTO `GroupEmployee` (`grpID`, `empID`) VALUES ('3', '5');
INSERT INTO `GroupEmployee` (`grpID`, `empID`) VALUES ('2', '6');
INSERT INTO `GroupEmployee` (`grpID`, `empID`) VALUES ('1', '7');
INSERT INTO `GroupEmployee` (`grpID`, `empID`) VALUES ('2', '7');
INSERT INTO `GroupEmployee` (`grpID`, `empID`) VALUES ('4', '8');
INSERT INTO `GroupEmployee` (`grpID`, `empID`) VALUES ('4', '9');
INSERT INTO `GroupEmployee` (`grpID`, `empID`) VALUES ('2', '10');
INSERT INTO `GroupEmployee` (`grpID`, `empID`) VALUES ('4', '10');
INSERT INTO `GroupEmployee` (`grpID`, `empID`) VALUES ('1', '11');
INSERT INTO `GroupEmployee` (`grpID`, `empID`) VALUES ('3', '12');
INSERT INTO `GroupEmployee` (`grpID`, `empID`) VALUES ('3', '13');
INSERT INTO `GroupEmployee` (`grpID`, `empID`) VALUES ('3', '14');
INSERT INTO `GroupEmployee` (`grpID`, `empID`) VALUES ('1', '15');
INSERT INTO `GroupEmployee` (`grpID`, `empID`) VALUES ('1', '16');
INSERT INTO `GroupEmployee` (`grpID`, `empID`) VALUES ('4', '16');
INSERT INTO `GroupEmployee` (`grpID`, `empID`) VALUES ('3', '17');
INSERT INTO `GroupEmployee` (`grpID`, `empID`) VALUES ('2', '18');
INSERT INTO `GroupEmployee` (`grpID`, `empID`) VALUES ('3', '18');
INSERT INTO `GroupEmployee` (`grpID`, `empID`) VALUES ('3', '19');

INSERT INTO `GroupRoleEmployee` (`grpRoleID`, `empID`) VALUES ('1',  '1');
INSERT INTO `GroupRoleEmployee` (`grpRoleID`, `empID`) VALUES ('7',  '1');
INSERT INTO `GroupRoleEmployee` (`grpRoleID`, `empID`) VALUES ('6',  '2');
INSERT INTO `GroupRoleEmployee` (`grpRoleID`, `empID`) VALUES ('8',  '2');
INSERT INTO `GroupRoleEmployee` (`grpRoleID`, `empID`) VALUES ('6',  '3');
INSERT INTO `GroupRoleEmployee` (`grpRoleID`, `empID`) VALUES ('3',  '3');
INSERT INTO `GroupRoleEmployee` (`grpRoleID`, `empID`) VALUES ('8',  '3');
INSERT INTO `GroupRoleEmployee` (`grpRoleID`, `empID`) VALUES ('1',  '4');
INSERT INTO `GroupRoleEmployee` (`grpRoleID`, `empID`) VALUES ('4',  '4');
INSERT INTO `GroupRoleEmployee` (`grpRoleID`, `empID`) VALUES ('6',  '5');
INSERT INTO `GroupRoleEmployee` (`grpRoleID`, `empID`) VALUES ('8',  '5');
INSERT INTO `GroupRoleEmployee` (`grpRoleID`, `empID`) VALUES ('3',  '6');
INSERT INTO `GroupRoleEmployee` (`grpRoleID`, `empID`) VALUES ('4',  '6');
INSERT INTO `GroupRoleEmployee` (`grpRoleID`, `empID`) VALUES ('5',  '6');
INSERT INTO `GroupRoleEmployee` (`grpRoleID`, `empID`) VALUES ('1',  '7');
INSERT INTO `GroupRoleEmployee` (`grpRoleID`, `empID`) VALUES ('2',  '7');
INSERT INTO `GroupRoleEmployee` (`grpRoleID`, `empID`) VALUES ('5',  '7');
INSERT INTO `GroupRoleEmployee` (`grpRoleID`, `empID`) VALUES ('10', '8');
INSERT INTO `GroupRoleEmployee` (`grpRoleID`, `empID`) VALUES ('9',  '9');
INSERT INTO `GroupRoleEmployee` (`grpRoleID`, `empID`) VALUES ('4',  '10');
INSERT INTO `GroupRoleEmployee` (`grpRoleID`, `empID`) VALUES ('10', '10');
INSERT INTO `GroupRoleEmployee` (`grpRoleID`, `empID`) VALUES ('2',  '11');
INSERT INTO `GroupRoleEmployee` (`grpRoleID`, `empID`) VALUES ('7',  '12');
INSERT INTO `GroupRoleEmployee` (`grpRoleID`, `empID`) VALUES ('8',  '12');
INSERT INTO `GroupRoleEmployee` (`grpRoleID`, `empID`) VALUES ('6',  '13');
INSERT INTO `GroupRoleEmployee` (`grpRoleID`, `empID`) VALUES ('9',  '14');
INSERT INTO `GroupRoleEmployee` (`grpRoleID`, `empID`) VALUES ('1',  '15');
INSERT INTO `GroupRoleEmployee` (`grpRoleID`, `empID`) VALUES ('2',  '16');
INSERT INTO `GroupRoleEmployee` (`grpRoleID`, `empID`) VALUES ('9',  '16');
INSERT INTO `GroupRoleEmployee` (`grpRoleID`, `empID`) VALUES ('7',  '17');
INSERT INTO `GroupRoleEmployee` (`grpRoleID`, `empID`) VALUES ('8',  '17');
INSERT INTO `GroupRoleEmployee` (`grpRoleID`, `empID`) VALUES ('5',  '18');
INSERT INTO `GroupRoleEmployee` (`grpRoleID`, `empID`) VALUES ('6',  '18');
INSERT INTO `GroupRoleEmployee` (`grpRoleID`, `empID`) VALUES ('8',  '18');
INSERT INTO `GroupRoleEmployee` (`grpRoleID`, `empID`) VALUES ('6',  '19');
INSERT INTO `GroupRoleEmployee` (`grpRoleID`, `empID`) VALUES ('8',  '19');
